1,Cammy,Stenners,18,Colombia
2,Yule,Gwynn,34,Armenia
3,Aloysius,Lambertson,33,Japan
4,Burty,Salthouse,32,France
5,Reggie,McDuffie,23,Sweden
6,Julie,Torrisi,21,Dominican Republic
7,Edlin,Natalie,36,Nigeria
8,Gilberto,Kiddie,22,Indonesia
9,Trevar,Josifovitz,38,Greece
10,Salvatore,Kinrade,21,Poland
11,Dene,McKevany,22,Colombia
12,Abraham,Cruickshanks,31,Indonesia
13,Sutton,Farge,37,Philippines
14,Jerome,Torrejon,23,Togo
15,Reinald,Snawden,20,China
16,Norry,Bortolomei,26,Malaysia
17,Seward,Cordero,32,Indonesia
18,Huey,Juschke,32,Argentina
19,Tyler,Sailes,37,Philippines
20,Robby,Lowndes,35,Malaysia
21,Aube,Cordelet,39,Colombia
22,Clyve,Thackwray,24,Belarus
23,Yancey,Shivell,20,China
24,Siffre,Hurburt,25,Ukraine
25,Allistir,Domaschke,19,Panama
26,Nat,Symmons,23,Brazil
27,Stinky,Ewbanke,28,New Zealand
28,Tanner,Dudden,19,Canada
29,Fred,Blaker,27,Russia
30,George,Jorin,24,Jamaica
31,Orazio,Albery,18,United States
32,Samson,Lycett,30,Portugal
33,Moise,Nilles,18,Republic of the Congo
34,Trenton,Showers,30,Portugal
35,Conan,Strewthers,35,Bulgaria
36,Harbert,Aizikov,34,China
37,Vaughan,Lally,33,Ukraine
38,Garald,Eitter,34,Thailand
39,Giacobo,Runham,27,Greece
40,Karlan,Pozer,37,China
41,Langsdon,Baude,26,Croatia
42,Conrad,Ghelardi,26,Philippines
43,Con,Mazillius,17,Indonesia
44,Durand,Piken,33,Philippines
45,Bryanty,Cothey,29,Colombia
46,Lev,Codling,39,France
47,Ikey,Cabera,35,Japan
48,Ferrel,Ziehm,36,Colombia
49,Lucais,Cracoe,27,Philippines
50,Bran,Winfindale,26,Chile
51,Francklyn,Blackborough,40,Tanzania
52,Alix,Vasyushkhin,26,China
53,Ewan,Boot,37,Indonesia
54,Denny,Bullon,21,China
55,Gran,Setchfield,38,Brazil
56,Leo,Phipson,34,Colombia
57,Mendie,Alberti,31,China
58,Courtnay,Bolduc,34,Madagascar
59,Max,Boorne,19,Tajikistan
60,Tucky,Scade,38,China
61,Dante,Anthiftle,22,Mexico
62,Fran,Neylan,17,Czech Republic
63,Tybalt,Syncke,27,Indonesia
64,Colver,Alebrooke,37,Russia
65,Germayne,Found,40,China
66,Munroe,Getley,20,Senegal
67,Horst,Hrinishin,31,China
68,Ailbert,Markson,35,Poland
69,Nobie,Duddin,19,Russia
70,Jay,Boord,26,China
71,Ange,Tregensoe,19,Netherlands
72,Karney,Dossettor,20,Indonesia
73,Quincy,Robus,32,Thailand
74,Gan,Blazey,24,United States
75,Daron,Buckel,33,China
76,Flory,Perrett,20,Azerbaijan
77,Reggie,Tokley,36,United States
78,Marty,Emlyn,19,Netherlands
79,Cobb,Duley,25,Canada
80,Kristopher,Stood,21,Serbia
81,Paddie,Coumbe,18,Mexico
82,Payton,Dodd,27,South Africa
83,Pablo,Kinge,32,Indonesia
84,Marsh,Ledes,22,Portugal
85,Lawrence,Perfitt,23,Tanzania
86,Bronson,Saladine,37,Malta
87,Jerrie,Orteaux,30,Slovenia
88,Stillmann,Parres,30,North Korea
89,Cosimo,Wolters,20,Guatemala
90,Zeb,Plews,18,Jamaica
91,Peyter,Dyche,35,Mexico
92,Wallis,Marchington,20,France
93,Arnold,Pheasey,39,France
94,Rogers,Snoxell,19,China
95,Waylin,Duce,34,Croatia
96,Cristobal,Memmory,22,Vietnam
97,Saw,Boig,30,China
98,Tedie,Poxson,22,China
99,Gibb,Lode,34,Peru
100,Augy,Pedden,37,Philippines
101,Gustav,Tedstone,27,American Samoa
102,Artemus,Trevna,37,Vietnam
103,Cheston,Longo,28,China
104,Wait,Meaney,22,Indonesia
105,Constantin,Pingstone,37,France
106,Garold,Jablonski,17,Dominican Republic
107,Bertrando,De Ambrosis,27,Turkmenistan
108,Nestor,Pyson,34,Norway
109,Pace,Hovie,26,Bulgaria
110,Alon,Gilbank,40,Portugal
111,Husein,Adamovich,19,Thailand
112,Abbot,Tween,19,Pakistan
113,Abrahan,Roof,30,China
114,Cirillo,Seckom,33,Belarus
115,Wolfie,Sommerfeld,38,China
116,Thorpe,Goult,28,Tunisia
117,Robinson,Flecknell,30,China
118,Kenn,Pilley,23,China
119,Sigismundo,Woodhall,37,China
120,Fraser,Dillamore,27,Indonesia
121,Lucien,Gidney,26,France
122,Reube,Noe,18,Canada
123,Mackenzie,Abdie,17,Peru
124,Chan,Wolffers,34,Poland
125,Nero,Blethyn,33,Hungary
126,Francklin,Hartfleet,34,Czech Republic
127,Farris,Minear,30,Russia
128,Spike,Challens,31,China
129,Egbert,Playle,24,Philippines
130,Milo,Dibley,34,China
131,Julius,Trodd,22,Indonesia
132,Esme,Burcher,19,Guatemala
133,Abner,Newlands,39,China
134,Joshuah,Rantoul,30,France
135,Hebert,Rabl,20,France
136,Shell,Outibridge,40,China
137,Jervis,Hexam,22,Indonesia
138,Reuven,D'eye,38,Philippines
139,Alistair,Dmitrienko,25,Hong Kong
140,Emmy,Cressy,20,China
141,Klemens,Rodinger,24,China
142,Mohammed,Stolworthy,18,China
143,Dimitry,Vlasyuk,40,China
144,Chrisse,Aslam,28,China
145,Hamlin,McManus,18,Sweden
146,Kinnie,Vanshin,26,Yemen
147,Wang,Pedersen,35,Iran
148,Duane,Dowsing,40,Norway
149,Aharon,Gerbel,25,Indonesia
150,Adolphe,Markson,40,China
151,Westleigh,Wildor,25,Portugal
152,Rafael,Labrone,34,Ukraine
153,Creighton,Deighan,21,Nicaragua
154,Derrik,Pamplin,37,China
155,Dur,Mechem,25,Poland
156,Arvy,Haps,20,Poland
157,Odell,Coultard,30,Portugal
158,Welby,Lackey,26,Mauritius
159,Lombard,Friedman,26,Mexico
160,Thom,Peplaw,31,Norway
161,Darnall,Sloat,25,Russia
162,Traver,Whiteford,29,China
163,Penny,Carl,26,Antigua and Barbuda
164,Vinson,Danson,34,Poland
165,Vin,Mayers,33,Philippines
166,Theodore,Bentje,36,Panama
167,Gil,Balnaves,18,Russia
168,Jeremie,Wapples,26,Greece
169,Benjy,Moresby,17,Philippines
170,Granger,Aubury,32,Indonesia
171,Herve,Kepling,29,Mexico
172,Karoly,Nowick,31,China
173,Alphonso,Russan,39,Indonesia
174,Pincas,Crafts,37,Greece
175,Pall,Mellon,22,Niger
176,Wolfy,Di Biagio,28,United States
177,Sinclare,Newick,35,China
178,Delbert,Durtnall,25,Poland
179,Domingo,Burbury,37,Andorra
180,Delmar,Barsam,19,Sri Lanka
181,Jarad,Copin,37,Malaysia
182,Jeramey,Burgyn,21,French Polynesia
183,Sylas,Jirasek,29,Mexico
184,Rickert,Botright,21,Indonesia
185,Elliot,Beazey,19,Cuba
186,Armand,Bradshaw,21,Brazil
187,Lonnie,Shekle,39,Mali
188,Vinnie,Vanyarkin,35,Brazil
189,Goraud,Cornock,21,Czech Republic
190,Abdel,Mallebone,34,United States
191,Lothario,Matteoni,35,Russia
192,Prince,Woollin,25,Nigeria
193,Jeremie,Rogeon,28,Argentina
194,Haroun,Lathbury,38,Portugal
195,Averill,Leming,28,China
196,Baron,Flag,36,India
197,Creigh,Minget,26,Japan
198,Lewie,Goldberg,26,Russia
199,Hamish,Mansel,39,Indonesia
200,Salem,Tames,36,Portugal
201,Dolf,Songust,19,China
202,Massimo,Nuzzetti,37,China
203,Isidor,Keeling,20,Haiti
204,Mata,Ionesco,27,Afghanistan
205,Clair,McGillicuddy,28,China
206,Osgood,Carnow,19,Philippines
207,Frederico,Aveson,24,China
208,Roley,Ivamy,39,Philippines
209,Koenraad,Lodemann,34,Chile
210,Darill,Gookey,28,Luxembourg
211,Jabez,Bimson,23,Afghanistan
212,Fergus,Norcock,35,Brazil
213,Cal,De Bell,29,Japan
214,Obie,Coning,25,Pakistan
215,Gabby,Depport,21,Spain
216,Silvester,Mathews,17,Slovenia
217,Sascha,Boylan,29,France
218,Shannon,Moir,34,Taiwan
219,Prescott,Caudray,39,Poland
220,Ludvig,Epp,19,Italy
221,Fielding,Itter,29,Russia
222,Artemas,Shekle,26,Thailand
223,Bert,Zotto,35,Portugal
224,Guss,O'Shaughnessy,30,Namibia
225,Matteo,Gilbart,24,China
226,Purcell,Pharoah,18,Indonesia
227,Even,Ewen,40,Iran
228,Duncan,Bentke,23,Indonesia
229,Ellary,Malpas,36,Czech Republic
230,Shalom,Florentine,20,Chile
231,Kalvin,Guerro,37,China
232,Augusto,Boate,33,Colombia
233,Nickie,Birkhead,28,Portugal
234,Giffard,Hrachovec,34,Sweden
235,Worthy,Narramore,20,Palestinian Territory
236,Alfie,Jackalin,37,China
237,Hobey,Stillwell,29,China
238,Lewes,Reoch,25,Brazil
239,Erl,Meininking,25,Philippines
240,Tymon,Blowin,23,Philippines
241,Huey,Von Oertzen,29,Czech Republic
242,Fredek,Nouch,40,Pakistan
243,Hillery,Amoore,22,Philippines
244,Huntington,Rosenschein,36,Ukraine
245,Jonah,Stalley,32,Samoa
246,Hilly,Taks,21,China
247,Brit,Collin,18,Ukraine
248,Ewell,Bigrigg,19,Slovenia
249,Claudell,Conniam,34,Panama
250,Delmore,Trevithick,18,United States
251,Giordano,Rendle,20,Portugal
252,Clementius,O'Bradain,36,Brazil
253,Cleavland,Paggitt,26,China
254,Arnie,Bucklan,17,China
255,Christophorus,Linzee,22,China
256,Kip,Shearsby,40,Brazil
257,Waldon,Overell,20,Venezuela
258,Gearard,Cisneros,34,Portugal
259,Scott,O'Corrigane,35,Honduras
260,Wendel,Beech,33,China
261,Skell,Davidoff,25,Russia
262,Ermanno,Tromans,35,Brazil
263,Bron,Bassill,21,Greece
264,Abdul,Channer,35,Bosnia and Herzegovina
265,Richmound,Kinchin,39,Indonesia
266,Roley,Avory,30,Philippines
267,Pauly,Bhar,36,Canada
268,Munroe,Sigfrid,29,Poland
269,Giorgi,Julian,32,Nigeria
270,Alvie,Kondratyuk,33,Malta
271,Lyon,Emmanueli,26,Indonesia
272,Reinald,Huntington,23,China
273,Tate,Runnacles,32,Indonesia
274,Claudianus,Fitzsimmons,32,Brazil
275,Ives,Pawelski,23,Indonesia
276,Padraig,Townley,32,Vietnam
277,Rip,Boughton,19,China
278,Terencio,Cockton,19,New Caledonia
279,Bryanty,Thurske,17,China
280,Orville,Gresswell,28,United States
281,Monro,Regglar,28,Indonesia
282,Silvano,Micklewicz,20,China
283,Hewe,McDowall,32,Peru
284,Cedric,Boost,31,Brazil
285,Christiano,Roderighi,18,Brazil
286,Georges,Verissimo,23,Czech Republic
287,Barde,Chipping,17,Indonesia
288,Efrem,Carver,23,Egypt
289,Haydon,Brayfield,27,Indonesia
290,Chaddie,Gideon,19,Japan
291,Caesar,Flowers,31,Guatemala
292,Costa,McGeachey,17,Indonesia
293,Cob,Pastor,27,Brazil
294,Noach,Huckle,31,Poland
295,Elden,Blackbrough,17,Indonesia
296,Murdock,Matussevich,26,China
297,Haley,Gowers,36,Poland
298,Rustie,Bodicam,32,Israel
299,Dickie,Bertholin,33,Venezuela
300,Titos,Feron,34,Portugal
